{"cameraMode":{"drawMode":0,"name":"Shaded","section":"Shading Mode"},"sceneLighting":true,"audioPlay":false,"sceneViewState":{"m_AlwaysRefresh":false,"showFog":true,"showSkybox":true,"showFlares":true,"showImageEffects":true,"showParticleSystems":true,"showVisualEffectGraphs":true,"m_FxEnabled":true},"in2DMode":false,"pivot":{"x":7.9971818923950199,"y":4.3719587326049809,"z":0.4133565425872803},"rotation":{"x":0.39723652601242068,"y":-0.07118204236030579,"z":0.030927807092666627,"w":0.9144394397735596},"size":1.8424904346466065,"orthographic":false}