{"cameraMode":{"drawMode":0,"name":"Shaded","section":"Shading Mode"},"sceneLighting":true,"audioPlay":false,"sceneViewState":{"m_AlwaysRefresh":false,"showFog":true,"showSkybox":true,"showFlares":true,"showImageEffects":true,"showParticleSystems":true,"showVisualEffectGraphs":true,"m_FxEnabled":true},"in2DMode":false,"pivot":{"x":67.02205657958985,"y":16.64168357849121,"z":-4.268121242523193},"rotation":{"x":-0.02016299217939377,"y":0.31603726744651797,"z":-0.0068922461941838268,"w":-0.9485934376716614},"size":0.30221787095069888,"orthographic":false}