{"cameraMode":{"drawMode":0,"name":"Shaded","section":"Shading Mode"},"sceneLighting":true,"audioPlay":false,"sceneViewState":{"m_AlwaysRefresh":false,"showFog":true,"showSkybox":true,"showFlares":true,"showImageEffects":true,"showParticleSystems":true,"showVisualEffectGraphs":true,"m_FxEnabled":true},"in2DMode":false,"pivot":{"x":-9.297868728637696,"y":-2.8748092651367189,"z":-5.848027229309082},"rotation":{"x":0.21733973920345307,"y":0.12387785315513611,"z":-0.027457809075713159,"w":0.9680488705635071},"size":10.65688419342041,"orthographic":false}