{"cameraMode":{"drawMode":0,"name":"Shaded","section":"Shading Mode"},"sceneLighting":true,"audioPlay":false,"sceneViewState":{"m_AlwaysRefresh":false,"showFog":true,"showSkybox":true,"showFlares":true,"showImageEffects":true,"showParticleSystems":true,"showVisualEffectGraphs":true,"m_FxEnabled":true},"in2DMode":false,"pivot":{"x":42.234840393066409,"y":59.94365692138672,"z":41.661895751953128},"rotation":{"x":0.23234498500823975,"y":-0.7544240355491638,"z":0.3537965416908264,"w":0.5027046203613281},"size":10.558359146118164,"orthographic":false}